Date,Close,High,Low,Open,Volume,Day,Ticker
2015-01-02,205.43,206.88,204.18,206.4,272246,1.0,SPY
2015-01-05,201.72,204.37,201.35,204.2,372818,2.0,SPY
2015-01-06,199.82,202.71,198.86,202.13,481185,3.0,SPY
2015-01-07,202.31,202.72,200.88,201.46,311503,4.0,SPY
2015-01-08,205.9,206.15,203.99,204.0,332193,5.0,SPY
2015-01-09,204.25,206.42,203.52,206.39,390762,6.0,SPY
2015-01-12,202.65,204.59,201.93,204.42,345018,7.0,SPY
2015-01-13,202.08,205.48,200.52,204.15,555227,8.0,SPY
2015-01-14,200.86,201.1,198.57,199.67,494732,9.0,SPY
2015-01-15,199.02,202.0,198.89,201.64,381821,10.0,SPY
2015-01-16,201.63,201.82,198.55,198.75,451294,11.0,SPY
2015-01-20,202.055,202.71,200.17,202.43,289052,12.0,SPY
2015-01-21,203.08,203.66,200.94,201.51,341462,13.0,SPY
2015-01-22,206.1,206.26,202.33,204.02,393054,14.0,SPY
2015-01-23,204.97,206.09,204.81,205.8,240676,15.0,SPY
2015-01-26,205.45,205.56,203.85,204.73,212063,16.0,SPY
2015-01-27,202.74,204.11,201.75,203.0,283151,17.0,SPY
2015-01-28,200.14,204.29,199.91,204.16,310993,18.0,SPY
2015-01-29,201.99,202.3,198.68,200.34,355710,19.0,SPY
2015-01-30,199.45,202.17,199.13,200.56,437838,20.0,SPY
2015-02-02,201.92,202.02,197.86,200.07,342253,21.0,SPY
2015-02-03,204.84,204.85,202.55,202.94,307733,22.0,SPY
2015-02-04,204.06,205.38,203.51,203.91,333916,23.0,SPY
2015-02-05,206.12,206.3,204.78,204.83,228721,24.0,SPY
2015-02-06,205.55,207.24,204.92,206.57,248216,25.0,SPY
2015-02-09,204.63,205.64,204.14,204.77,165536,26.0,SPY
2015-02-10,206.81,207.11,204.82,205.89,183615,27.0,SPY
2015-02-11,206.93,207.45,205.83,206.6,189504,28.0,SPY
2015-02-12,208.92,208.99,207.68,207.91,222198,29.0,SPY
2015-02-13,209.78,209.84,208.76,209.08,201766,30.0,SPY
2015-02-17,210.11,210.32,209.11,209.38,169029,31.0,SPY
2015-02-18,210.13,210.22,209.35,209.63,166270,32.0,SPY
2015-02-19,209.98,210.42,209.25,209.43,220852,33.0,SPY
2015-02-20,211.24,211.32,208.73,209.43,314692,34.0,SPY
2015-02-23,211.21,211.21,210.48,210.97,147270,35.0,SPY
2015-02-24,211.81,212.05,210.76,211.11,172405,36.0,SPY
2015-02-25,211.63,212.24,211.22,211.64,205013,37.0,SPY
2015-02-26,211.38,211.71,210.66,211.55,153448,38.0,SPY
2015-02-27,210.66,211.58,210.65,211.25,212271,39.0,SPY
2015-03-02,211.99,212.06,210.72,210.79,233678,40.0,SPY
2015-03-03,211.12,211.59,210.08,211.46,286676,41.0,SPY
2015-03-04,210.23,210.49,209.06,210.42,235099,42.0,SPY
2015-03-05,210.46,210.8,209.85,210.59,199387,43.0,SPY
2015-03-06,207.5,209.94,207.1,209.38,319943,44.0,SPY
2015-03-09,208.36,208.79,207.59,207.76,214108,45.0,SPY
2015-03-10,204.98,206.81,204.97,206.7,293055,46.0,SPY
2015-03-11,204.5,205.5,204.4,205.29,244344,47.0,SPY
2015-03-12,207.1,207.17,205.21,205.24,232689,48.0,SPY
2015-03-13,205.825,206.93,204.58,206.76,315801,49.0,SPY
2015-03-16,208.58,208.69,206.68,206.68,281840,50.0,SPY
2015-03-17,207.96,208.41,206.98,207.65,218537,51.0,SPY
2015-03-18,210.46,211.26,206.62,207.35,411965,52.0,SPY
2015-03-19,209.5,210.29,209.04,210.04,243981,53.0,SPY
2015-03-20,210.41,211.02,209.61,209.66,299665,54.0,SPY
2015-03-23,210.0,211.1,210.01,210.43,125656,55.0,SPY
2015-03-24,208.82,210.4,208.74,209.87,144536,56.0,SPY
2015-03-25,205.76,209.35,205.71,209.01,316455,57.0,SPY
2015-03-26,205.27,206.36,204.12,204.96,296606,58.0,SPY
2015-03-27,205.74,205.95,204.91,205.16,241586,59.0,SPY
2015-03-30,208.25,208.61,206.96,206.96,190752,60.0,SPY
2015-03-31,206.43,208.1,206.37,207.26,231229,61.0,SPY
2015-04-01,205.7,206.42,204.51,206.42,298704,62.0,SPY
2015-04-02,206.435,206.98,205.4,205.58,196529,63.0,SPY
2015-04-06,207.83,208.45,205.21,205.39,211481,64.0,SPY
2015-04-07,207.28,208.76,207.25,207.86,149143,65.0,SPY
2015-04-08,207.975,208.5,207.08,207.53,191585,66.0,SPY
2015-04-09,208.9,209.18,207.19,207.82,160555,67.0,SPY
2015-04-10,210.04,210.08,208.96,209.21,120823,68.0,SPY
2015-04-13,209.09,210.63,209.04,209.84,117640,69.0,SPY
2015-04-14,209.49,209.71,208.1,208.86,134660,70.0,SPY
2015-04-15,210.43,211.04,209.95,210.07,175477,71.0,SPY
2015-04-16,210.37,210.97,209.79,210.04,132746,72.0,SPY
2015-04-17,207.95,209.23,207.01,208.95,299653,73.0,SPY
2015-04-20,209.85,210.25,208.96,209.09,144346,74.0,SPY
2015-04-21,209.6,210.86,209.25,210.65,127037,75.0,SPY
2015-04-22,210.63,210.85,208.9,210.04,157274,76.0,SPY
2015-04-23,211.16,211.94,210.02,210.17,170008,77.0,SPY
2015-04-24,211.65,211.97,211.12,211.7,117194,78.0,SPY
2015-04-27,210.77,212.47,210.54,212.34,147711,79.0,SPY
2015-04-28,211.44,211.5,209.34,210.71,167578,80.0,SPY
2015-04-29,210.57,211.29,209.61,210.32,236825,81.0,SPY
2015-04-30,208.46,210.35,207.62,209.9,262531,82.0,SPY
2015-05-01,210.72,210.77,209.29,209.41,204875,83.0,SPY
2015-05-04,211.32,212.02,211.1,211.22,150519,84.0,SPY
2015-05-05,208.9,211.45,208.73,211.01,206870,85.0,SPY
2015-05-06,208.04,209.92,206.76,209.54,231530,86.0,SPY
2015-05-07,208.87,209.38,207.54,207.91,158605,87.0,SPY
2015-05-08,211.62,211.86,210.79,210.84,231060,88.0,SPY
2015-05-11,210.605,211.89,210.53,211.54,148702,89.0,SPY
2015-05-12,209.98,210.63,208.63,209.59,227279,90.0,SPY
2015-05-13,210.02,211.21,209.74,210.49,166555,91.0,SPY
2015-05-14,212.21,212.32,210.91,211.24,181894,92.0,SPY
2015-05-15,212.44,212.61,211.86,212.43,132182,93.0,SPY
2015-05-18,213.1,213.4,212.16,212.24,140573,94.0,SPY
2015-05-19,213.03,213.57,212.69,213.26,150534,95.0,SPY
2015-05-20,212.88,213.77,212.51,213.16,149199,96.0,SPY
2015-05-21,213.5,213.74,212.52,212.74,150088,97.0,SPY
2015-05-22,212.99,213.54,212.91,213.02,122849,98.0,SPY
2015-05-26,210.7,212.49,210.21,212.39,204123,99.0,SPY
2015-05-27,212.7,212.98,210.86,211.23,219850,100.0,SPY
2015-05-28,212.46,212.59,211.63,212.34,143631,101.0,SPY
2015-05-29,211.14,212.43,210.82,212.4,214399,102.0,SPY
2015-06-01,211.57,212.33,210.62,211.95,190947,103.0,SPY
2015-06-02,211.36,212.18,210.27,211.02,194049,104.0,SPY
2015-06-03,211.92,212.67,211.34,211.97,186346,105.0,SPY
2015-06-04,210.13,211.77,209.75,211.12,271415,106.0,SPY
2015-06-05,209.77,210.58,208.98,209.93,205858,107.0,SPY
2015-06-08,208.48,209.82,208.39,209.63,173895,108.0,SPY
2015-06-09,208.45,209.1,207.69,208.44,216412,109.0,SPY
2015-06-10,210.95,211.4,209.32,209.38,283192,110.0,SPY
2015-06-11,211.63,212.09,211.21,211.49,142577,111.0,SPY
2015-06-12,210.01,210.83,209.68,210.62,183952,112.0,SPY
2015-06-15,209.11,209.44,207.79,208.62,219888,113.0,SPY
2015-06-16,210.25,210.34,208.72,208.9,142221,114.0,SPY
2015-06-17,210.59,211.32,209.38,210.58,241784,115.0,SPY
2015-06-18,212.78,213.33,211.18,211.23,281887,116.0,SPY
2015-06-19,210.5,211.54,210.44,211.42,184721,117.0,SPY
2015-06-22,211.89,212.59,211.65,211.95,139787,118.0,SPY
2015-06-23,212.04,212.44,211.57,212.18,117910,119.0,SPY
2015-06-24,210.5,212.16,210.48,211.71,140132,120.0,SPY
2015-06-25,209.86,211.25,209.77,211.13,153344,121.0,SPY
2015-06-26,209.82,210.57,209.16,210.28,184892,122.0,SPY
2015-06-29,205.42,208.82,205.33,208.02,369627,123.0,SPY
2015-06-30,205.85,207.32,205.28,207.32,301092,124.0,SPY
2015-07-01,207.5,208.03,206.58,207.79,238584,125.0,SPY
2015-07-02,207.31,208.27,206.82,208.07,177194,126.0,SPY
2015-07-06,206.72,207.65,205.54,205.74,215478,127.0,SPY
2015-07-07,208.02,208.16,204.12,206.93,372945,128.0,SPY
2015-07-08,204.53,206.76,204.25,206.34,320000,129.0,SPY
2015-07-09,204.9,207.35,204.88,207.03,266217,130.0,SPY
2015-07-10,207.48,207.97,206.49,207.28,260515,131.0,SPY
2015-07-13,209.77,209.9,208.94,209.0,203741,132.0,SPY
2015-07-14,210.68,211.05,209.66,209.69,178406,133.0,SPY
2015-07-15,210.61,211.27,210.05,210.71,196881,134.0,SPY
2015-07-16,212.3,212.3,211.59,211.82,216208,135.0,SPY
2015-07-17,212.48,212.55,211.8,212.34,161682,136.0,SPY
2015-07-20,212.59,213.18,212.21,212.77,162144,137.0,SPY
2015-07-21,211.75,212.74,211.39,212.45,153756,138.0,SPY
2015-07-22,211.37,211.77,210.89,210.91,207634,139.0,SPY
2015-07-23,210.18,211.64,209.76,211.54,194445,140.0,SPY
2015-07-24,208.0,210.37,207.6,210.25,235116,141.0,SPY
2015-07-27,206.79,207.55,206.26,206.98,282586,142.0,SPY
2015-07-28,209.33,209.5,206.8,207.8,294740,143.0,SPY
2015-07-29,210.77,211.04,209.31,209.44,262519,144.0,SPY
2015-07-30,210.82,211.01,209.42,210.2,206401,145.0,SPY
2015-07-31,210.5,211.45,210.16,211.44,215748,146.0,SPY
2015-08-03,209.79,210.53,208.66,210.53,255135,147.0,SPY
2015-08-04,209.38,210.24,208.8,209.7,214805,148.0,SPY
2015-08-05,210.07,211.31,209.74,210.4,191677,149.0,SPY
2015-08-06,208.35,210.41,207.65,210.27,250775,150.0,SPY
2015-08-07,207.95,208.34,206.87,208.16,262941,151.0,SPY
2015-08-10,210.57,210.67,209.28,209.29,228544,152.0,SPY
2015-08-11,208.67,209.46,207.76,208.96,239391,153.0,SPY
2015-08-12,208.92,209.13,205.37,207.14,393234,154.0,SPY
2015-08-13,208.66,209.55,208.02,208.75,222169,155.0,SPY
2015-08-14,209.42,209.5,208.26,208.43,205519,156.0,SPY
2015-08-17,210.59,210.58,208.16,208.73,205501,157.0,SPY
2015-08-18,209.98,210.68,209.7,210.29,138063,158.0,SPY
2015-08-19,208.32,210.01,207.36,209.1,358457,159.0,SPY
2015-08-20,203.97,207.17,203.91,206.54,356132,160.0,SPY
2015-08-21,197.83,202.92,197.53,201.81,668084,161.0,SPY
2015-08-24,189.55,195.84,182.95,187.49,1211892,162.0,SPY
2015-08-25,187.27,195.45,187.06,195.45,755578,163.0,SPY
2015-08-26,194.46,194.79,188.37,192.21,668527,164.0,SPY
2015-08-27,199.27,199.41,195.21,197.05,616592,165.0,SPY
2015-08-28,199.28,199.83,197.93,198.5,300116,166.0,SPY
2015-08-31,197.67,199.12,197.02,198.14,288853,167.0,SPY
2015-09-01,191.77,194.77,190.73,193.07,455549,168.0,SPY
2015-09-02,195.41,195.45,192.43,194.69,367329,169.0,SPY
2015-09-03,195.55,198.05,194.96,196.25,306193,170.0,SPY
2015-09-04,192.59,193.86,191.61,192.88,293398,171.0,SPY
2015-09-08,197.43,197.61,195.18,195.97,262223,172.0,SPY
2015-09-09,194.79,199.46,194.35,199.33,272270,173.0,SPY
2015-09-10,195.85,197.22,194.26,194.5,328023,174.0,SPY
2015-09-11,196.74,196.76,194.53,195.32,228272,175.0,SPY
2015-09-14,196.01,197.0,195.44,196.95,135077,176.0,SPY
2015-09-15,198.46,198.99,196.09,196.59,199404,177.0,SPY
2015-09-16,200.18,200.4,198.42,198.82,194056,178.0,SPY
2015-09-17,199.73,202.89,199.28,199.96,539194,179.0,SPY
2015-09-18,195.45,197.56,194.96,195.74,333308,180.0,SPY
2015-09-21,196.46,197.68,195.21,196.45,200322,181.0,SPY
2015-09-22,193.91,194.46,192.56,193.9,255661,182.0,SPY
2015-09-23,193.6,194.67,192.91,194.13,180164,183.0,SPY
2015-09-24,192.9,193.44,190.56,192.13,346239,184.0,SPY
2015-09-25,192.85,195.0,191.81,194.61,308835,185.0,SPY
2015-09-28,188.01,191.91,187.65,191.75,358095,186.0,SPY
2015-09-29,188.12,189.74,186.94,188.24,351737,187.0,SPY
2015-09-30,191.63,191.82,189.44,190.4,316432,188.0,SPY
2015-10-01,192.13,192.48,189.82,192.03,251956,189.0,SPY
2015-10-02,195.0,194.98,189.12,189.75,420920,190.0,SPY
2015-10-05,198.47,198.74,196.33,196.47,296570,191.0,SPY
2015-10-06,197.79,198.98,197.0,198.27,231255,192.0,SPY
2015-10-07,199.41,199.83,197.49,198.85,287561,193.0,SPY
2015-10-08,201.21,201.55,198.59,198.96,342248,194.0,SPY
2015-10-09,201.33,201.9,200.58,201.4,194354,195.0,SPY
2015-10-12,201.52,201.76,200.91,201.43,119881,196.0,SPY
2015-10-13,200.25,202.15,200.06,200.63,191170,197.0,SPY
2015-10-14,199.29,200.87,198.94,200.16,212350,198.0,SPY
2015-10-15,202.35,202.33,199.64,200.05,300476,199.0,SPY
2015-10-16,203.27,203.28,201.92,202.82,236240,200.0,SPY
2015-10-19,203.37,203.37,202.13,202.53,179038,201.0,SPY
2015-10-20,203.09,203.83,202.55,202.86,167678,202.0,SPY
2015-10-21,201.85,203.78,201.65,203.64,219572,203.0,SPY
2015-10-22,205.26,205.5,202.82,203.0,382886,204.0,SPY
2015-10-23,207.51,207.95,206.3,207.24,306529,205.0,SPY
2015-10-26,207.0,207.37,206.56,207.27,149176,206.0,SPY
2015-10-27,206.6,206.99,205.8,206.2,162004,207.0,SPY
2015-10-28,208.95,208.97,206.21,207.0,375916,208.0,SPY
2015-10-29,208.83,209.26,208.22,208.36,196612,209.0,SPY
2015-10-30,207.93,209.43,207.83,209.07,270911,210.0,SPY
2015-11-02,210.39,210.62,208.18,208.36,230685,211.0,SPY
2015-11-03,211.0,211.66,209.7,209.98,190315,212.0,SPY
2015-11-04,210.36,211.49,209.73,211.37,202987,213.0,SPY
2015-11-05,210.15,210.98,209.09,210.44,164011,214.0,SPY
2015-11-06,210.04,210.32,208.46,209.74,250242,215.0,SPY
2015-11-09,208.08,209.49,206.96,209.33,236151,216.0,SPY
2015-11-10,208.56,208.6,207.19,207.54,149212,217.0,SPY
2015-11-11,207.74,208.93,207.67,208.88,154044,218.0,SPY
2015-11-12,204.84,207.06,204.82,206.51,231310,219.0,SPY
2015-11-13,202.54,204.67,202.44,204.36,292966,220.0,SPY
2015-11-16,205.62,205.64,202.19,202.3,243551,221.0,SPY
2015-11-17,205.47,207.03,204.88,205.97,286015,222.0,SPY
2015-11-18,208.73,208.9,206.0,206.03,306480,223.0,SPY
2015-11-19,208.55,209.05,208.2,208.55,172581,224.0,SPY
2015-11-20,209.31,210.12,208.86,209.47,179736,225.0,SPY
2015-11-23,209.07,209.98,208.53,209.4,155703,226.0,SPY
2015-11-24,209.35,209.83,207.41,207.87,245805,227.0,SPY
2015-11-25,209.32,209.74,209.01,209.48,125143,228.0,SPY
2015-11-27,209.56,209.8,208.87,209.4,75701,229.0,SPY
2015-11-30,208.69,209.88,208.56,209.79,213765,230.0,SPY
2015-12-01,210.68,210.82,209.12,209.42,230793,231.0,SPY
2015-12-02,208.53,210.99,208.23,210.6,235065,232.0,SPY
2015-12-03,205.61,209.14,204.76,208.9,326649,233.0,SPY
2015-12-04,209.62,209.97,205.94,206.1,467930,234.0,SPY
2015-12-07,208.35,209.24,207.2,209.2,236796,235.0,SPY
2015-12-08,206.95,208.04,205.78,206.48,241695,236.0,SPY
2015-12-09,205.34,208.68,204.19,206.2,361525,237.0,SPY
2015-12-10,205.87,207.43,205.15,205.44,233256,238.0,SPY
2015-12-11,201.88,204.14,201.51,203.38,376819,239.0,SPY
2015-12-14,202.9,203.0,199.97,202.1,334522,240.0,SPY
2015-12-15,205.03,206.11,204.54,204.69,268742,241.0,SPY
2015-12-16,208.03,208.39,204.81,206.37,385016,242.0,SPY
2015-12-17,204.86,208.48,204.84,208.37,309235,243.0,SPY
2015-12-18,200.02,202.93,199.97,202.77,435936,244.0,SPY
2015-12-21,201.67,201.88,200.09,201.43,206395,245.0,SPY
2015-12-22,203.5,203.85,201.55,202.7,263031,246.0,SPY
2015-12-23,206.02,206.07,204.58,204.7,252069,247.0,SPY
2015-12-24,205.68,206.33,205.43,205.72,105959,248.0,SPY
2015-12-28,205.21,205.25,203.95,204.86,138699,249.0,SPY
2015-12-29,207.4,207.78,206.48,206.53,206232,250.0,SPY
2015-12-30,205.93,207.2,205.76,207.09,125100,251.0,SPY
2015-12-31,203.87,205.89,203.88,205.17,225668,252.0,SPY
2016-01-04,201.02,201.03,198.59,200.53,417920,1.0,SPY
2016-01-05,201.36,201.9,200.05,201.39,245652,2.0,SPY
2016-01-06,198.82,200.05,197.6,198.33,314611,3.0,SPY
2016-01-07,194.05,197.43,193.59,195.32,464606,4.0,SPY
2016-01-08,191.925,195.85,191.58,195.21,401758,5.0,SPY
2016-01-11,192.11,193.41,189.83,193.05,342005,6.0,SPY
2016-01-12,193.66,194.54,191.14,193.85,324896,7.0,SPY
2016-01-13,188.83,194.86,188.38,194.53,436676,8.0,SPY
2016-01-14,191.93,193.26,187.66,189.55,476076,9.0,SPY
2016-01-15,187.81,188.76,185.52,186.79,605916,10.0,SPY
2016-01-19,188.06,190.11,186.21,189.95,372975,11.0,SPY
2016-01-20,185.65,187.49,181.02,185.03,600233,12.0,SPY
2016-01-21,186.69,188.87,184.65,186.19,338962,13.0,SPY
2016-01-22,190.52,190.76,188.88,189.78,372067,14.0,SPY
2016-01-25,187.64,190.15,187.41,189.91,248228,15.0,SPY
2016-01-26,190.2,190.53,188.03,188.44,316385,16.0,SPY
2016-01-27,188.13,191.55,187.06,189.58,431537,17.0,SPY
2016-01-28,189.11,190.2,187.16,190.0,321776,18.0,SPY
2016-01-29,193.72,193.75,189.88,190.03,485060,19.0,SPY
2016-02-01,193.65,194.58,191.84,192.5,288080,20.0,SPY
2016-02-02,190.16,191.96,189.55,191.9,377079,21.0,SPY
2016-02-03,191.3,191.78,187.11,191.37,475111,22.0,SPY
2016-02-04,191.6,192.74,189.96,190.72,338027,23.0,SPY
2016-02-05,187.95,191.08,187.2,190.97,413512,24.0,SPY
2016-02-08,185.42,186.11,182.81,185.75,446014,25.0,SPY
2016-02-09,185.43,186.93,183.2,183.38,371837,26.0,SPY
2016-02-10,185.27,188.32,185.12,186.44,346337,27.0,SPY
2016-02-11,182.86,184.1,181.13,182.38,462757,28.0,SPY
2016-02-12,186.63,186.65,183.97,184.93,287365,29.0,SPY
2016-02-16,189.78,189.78,187.64,188.78,235084,30.0,SPY
2016-02-17,192.88,193.32,191.01,191.16,308277,31.0,SPY
2016-02-18,192.09,193.27,191.72,193.22,253728,32.0,SPY
2016-02-19,192.0,192.18,190.45,191.15,219097,33.0,SPY
2016-02-22,194.78,194.95,193.79,193.87,210246,34.0,SPY
2016-02-23,192.32,194.32,192.19,193.99,227576,35.0,SPY
2016-02-24,193.2,193.53,189.32,190.62,333246,36.0,SPY
2016-02-25,195.54,195.53,192.83,193.73,265103,37.0,SPY
2016-02-26,195.09,196.67,194.9,196.52,244207,38.0,SPY
2016-02-29,193.56,196.23,193.45,195.08,250854,39.0,SPY
2016-03-01,198.11,198.18,194.46,195.05,323300,40.0,SPY
2016-03-02,199.0,199.06,197.25,197.7,211669,41.0,SPY
2016-03-03,199.775,199.79,198.11,198.7,205428,42.0,SPY
2016-03-04,200.43,201.35,199.03,200.0,283660,43.0,SPY
2016-03-07,200.59,201.07,199.26,199.4,208232,44.0,SPY
2016-03-08,198.4,199.92,198.21,199.3,288315,45.0,SPY
2016-03-09,199.38,199.79,198.43,199.36,199943,46.0,SPY
2016-03-10,199.54,201.06,197.38,199.9,372268,47.0,SPY
2016-03-11,202.76,202.81,201.12,201.25,320182,48.0,SPY
2016-03-14,202.5,203.03,201.77,202.2,189480,49.0,SPY
2016-03-15,202.17,202.19,201.06,201.32,205674,50.0,SPY
2016-03-16,203.34,203.82,201.56,201.62,292740,51.0,SPY
2016-03-17,204.63,205.22,202.77,203.26,285666,52.0,SPY
2016-03-18,204.38,204.78,203.8,204.2,279438,53.0,SPY
2016-03-21,204.67,204.94,203.8,204.11,146196,54.0,SPY
2016-03-22,204.56,205.23,203.58,203.74,205164,55.0,SPY
2016-03-23,203.21,204.33,203.01,204.11,188818,56.0,SPY
2016-03-24,203.12,203.16,201.74,201.98,179398,57.0,SPY
2016-03-28,203.24,203.86,202.7,203.62,144513,58.0,SPY
2016-03-29,205.12,205.21,202.41,202.75,259024,59.0,SPY
2016-03-30,206.02,206.87,205.6,206.35,194795,60.0,SPY
2016-03-31,205.52,206.41,205.33,205.87,200187,61.0,SPY
2016-04-01,206.92,207.14,203.98,204.35,266520,62.0,SPY
2016-04-04,206.25,207.07,205.89,206.84,138539,63.0,SPY
2016-04-05,204.19,205.25,203.89,204.64,195063,64.0,SPY
2016-04-06,206.42,206.49,203.98,204.27,228974,65.0,SPY
2016-04-07,203.95,205.56,203.09,205.18,267744,66.0,SPY
2016-04-08,204.5,205.85,203.87,205.32,224642,67.0,SPY
2016-04-11,204.02,206.07,203.91,205.23,198335,68.0,SPY
2016-04-12,205.92,206.25,203.7,204.2,254718,69.0,SPY
2016-04-13,208.0,208.1,206.85,207.02,234438,70.0,SPY
2016-04-14,208.01,208.6,207.61,208.03,147249,71.0,SPY
2016-04-15,207.78,208.11,207.4,208.0,150007,72.0,SPY
2016-04-18,209.24,209.27,207.0,207.11,167205,73.0,SPY
2016-04-19,209.9,210.2,208.94,209.7,177828,74.0,SPY
2016-04-20,210.1,210.92,209.39,209.9,159872,75.0,SPY
2016-04-21,208.97,210.25,208.65,210.13,154668,76.0,SPY
2016-04-22,208.97,209.29,207.91,208.53,182572,77.0,SPY
2016-04-25,208.61,208.62,207.54,208.28,140395,78.0,SPY
2016-04-26,208.92,209.52,208.37,209.02,149275,79.0,SPY
2016-04-27,209.35,209.81,208.06,208.46,182159,80.0,SPY
2016-04-28,207.445,209.76,206.97,208.49,221526,81.0,SPY
2016-04-29,206.33,207.13,205.03,206.71,314937,82.0,SPY
2016-05-02,207.97,208.18,206.41,206.9,149886,83.0,SPY
2016-05-03,206.16,206.79,205.28,206.5,228975,84.0,SPY
2016-05-04,205.01,205.85,204.42,205.0,199341,85.0,SPY
2016-05-05,204.97,205.98,204.47,205.57,172705,86.0,SPY
2016-05-06,205.72,205.77,203.88,204.04,198526,87.0,SPY
2016-05-09,205.89,206.4,205.37,205.58,154027,88.0,SPY
2016-05-10,208.45,208.46,206.64,206.64,165165,89.0,SPY
2016-05-11,206.5,208.33,206.51,207.89,175192,90.0,SPY
2016-05-12,206.56,207.48,205.37,207.29,236152,91.0,SPY
2016-05-13,204.76,206.85,204.38,206.23,247124,92.0,SPY
2016-05-16,206.78,207.34,204.9,204.95,188974,93.0,SPY
2016-05-17,204.85,206.79,204.23,206.44,286217,94.0,SPY
2016-05-18,204.91,206.29,203.63,204.44,320623,95.0,SPY
2016-05-19,204.2,204.54,202.78,204.0,276097,96.0,SPY
2016-05-20,205.49,206.1,204.86,204.95,204565,97.0,SPY
2016-05-23,205.21,205.84,204.99,205.48,132223,98.0,SPY
2016-05-24,207.87,208.24,206.14,206.15,189965,99.0,SPY
2016-05-25,209.28,209.77,208.62,208.64,177028,100.0,SPY
2016-05-26,209.34,209.7,208.98,209.47,112369,101.0,SPY
2016-05-27,210.24,210.21,209.47,209.55,134361,102.0,SPY
2016-05-31,209.84,210.69,209.18,210.53,185939,103.0,SPY
2016-06-01,210.27,210.48,208.89,209.15,162896,104.0,SPY
2016-06-02,210.91,210.91,209.24,209.8,140396,105.0,SPY
2016-06-03,210.28,210.68,208.87,210.32,240440,106.0,SPY
2016-06-06,211.35,211.76,210.51,210.71,147101,107.0,SPY
2016-06-07,211.68,212.33,211.5,211.56,127798,108.0,SPY
2016-06-08,212.37,212.52,211.69,211.83,143894,109.0,SPY
2016-06-09,212.08,212.22,211.2,211.49,158695,110.0,SPY
2016-06-10,210.07,210.86,209.43,210.43,228089,111.0,SPY
2016-06-13,208.45,210.37,208.35,209.34,226889,112.0,SPY
2016-06-14,208.04,208.74,206.92,207.97,290604,113.0,SPY
2016-06-15,207.75,209.23,207.53,208.57,239302,114.0,SPY
2016-06-16,208.37,208.57,205.59,206.74,324673,115.0,SPY
2016-06-17,206.52,207.2,205.75,207.14,239070,116.0,SPY
2016-06-20,207.85,209.61,207.75,208.84,169601,117.0,SPY
2016-06-21,208.44,208.91,207.79,208.26,179099,118.0,SPY
2016-06-22,208.1,209.49,207.94,208.69,221090,119.0,SPY
2016-06-23,210.81,210.85,209.27,209.83,199315,120.0,SPY
2016-06-24,203.13,206.91,202.72,203.63,673156,121.0,SPY
2016-06-27,199.6,201.59,198.66,201.59,488232,122.0,SPY
2016-06-28,203.2,203.2,201.13,201.5,332925,123.0,SPY
2016-06-29,206.66,206.93,204.72,204.83,289900,124.0,SPY
2016-06-30,209.475,209.54,206.56,207.21,338451,125.0,SPY
2016-07-01,209.92,210.49,209.29,209.36,203313,126.0,SPY
2016-07-05,208.41,209.08,207.71,208.9,227943,127.0,SPY
2016-07-06,209.66,209.8,207.06,207.83,228342,128.0,SPY
2016-07-07,209.525,210.64,208.63,209.89,183003,129.0,SPY
2016-07-08,212.65,212.93,210.78,211.05,237422,130.0,SPY
2016-07-11,213.4,214.07,212.95,213.16,158092,131.0,SPY
2016-07-12,214.95,215.3,214.25,214.51,198424,132.0,SPY
2016-07-13,214.92,215.45,214.35,215.42,180771,133.0,SPY
2016-07-14,216.12,216.67,215.66,216.34,202583,134.0,SPY
2016-07-15,215.83,216.81,215.31,216.79,186748,135.0,SPY
2016-07-18,216.41,216.6,215.67,215.95,114152,136.0,SPY
2016-07-19,216.19,216.23,215.64,215.88,125295,137.0,SPY
2016-07-20,217.085,217.37,216.24,216.75,127777,138.0,SPY
2016-07-21,216.265,217.22,215.75,216.95,159089,139.0,SPY
2016-07-22,217.24,217.3,216.11,216.4,148637,140.0,SPY
2016-07-25,216.65,217.06,215.97,217.0,125332,141.0,SPY
2016-07-26,216.75,217.17,215.76,216.53,181193,142.0,SPY
2016-07-27,216.52,217.26,215.65,217.17,203044,143.0,SPY
2016-07-28,216.77,217.11,215.75,216.26,185246,144.0,SPY
2016-07-29,217.12,217.54,216.13,216.45,201129,145.0,SPY
2016-08-01,216.94,217.65,216.41,217.15,197349,146.0,SPY
2016-08-02,215.55,216.83,214.57,216.64,205623,147.0,SPY
2016-08-03,216.18,216.24,215.13,215.45,114952,148.0,SPY
2016-08-04,216.41,216.78,215.84,216.3,109583,149.0,SPY
2016-08-05,218.18,218.23,217.07,217.19,143705,150.0,SPY
2016-08-08,218.05,218.52,217.74,218.39,102232,151.0,SPY
2016-08-09,218.18,218.76,217.8,218.12,133311,152.0,SPY
2016-08-10,217.64,218.4,217.23,218.29,143886,153.0,SPY
2016-08-11,218.65,218.94,217.95,218.26,155825,154.0,SPY
2016-08-12,218.46,218.71,217.99,218.26,141884,155.0,SPY
2016-08-15,219.09,219.5,218.88,218.89,121436,156.0,SPY
2016-08-16,217.96,218.68,217.97,218.58,146893,157.0,SPY
2016-08-17,218.37,218.53,217.02,218.0,194676,158.0,SPY
2016-08-18,218.86,218.9,218.21,218.31,124350,159.0,SPY
2016-08-19,218.54,218.75,217.75,218.34,160867,160.0,SPY
2016-08-22,218.53,218.8,217.83,218.27,151665,161.0,SPY
2016-08-23,218.97,219.6,218.9,219.23,131884,162.0,SPY
2016-08-24,217.85,218.91,217.36,218.82,163107,163.0,SPY
2016-08-25,217.7,218.19,217.22,217.4,153301,164.0,SPY
2016-08-26,217.29,219.12,216.25,217.9,342960,165.0,SPY
2016-08-29,218.36,218.66,217.41,217.43,160415,166.0,SPY
2016-08-30,218.0,218.59,217.35,218.25,142956,167.0,SPY
2016-08-31,217.38,217.75,216.47,217.64,185449,168.0,SPY
2016-09-01,217.39,217.73,216.04,217.38,213763,169.0,SPY
2016-09-02,218.37,218.86,217.7,218.36,221655,170.0,SPY
2016-09-06,219.03,219.09,217.86,218.72,126633,171.0,SPY
2016-09-07,219.01,219.22,218.31,218.84,139942,172.0,SPY
2016-09-08,218.51,218.94,218.15,218.6,188827,173.0,SPY
2016-09-09,213.28,217.03,213.25,216.96,497952,174.0,SPY
2016-09-12,216.34,216.81,212.31,212.39,418649,175.0,SPY
2016-09-13,213.23,215.14,212.5,214.85,390057,176.0,SPY
2016-09-14,213.15,214.69,212.51,213.29,292785,177.0,SPY
2016-09-15,215.28,215.73,212.76,213.0,288410,178.0,SPY
2016-09-16,213.37,213.69,212.58,213.5,285059,179.0,SPY
2016-09-19,213.41,214.87,213.04,214.13,185708,180.0,SPY
2016-09-20,213.42,214.59,213.39,214.43,159651,181.0,SPY
2016-09-21,215.82,216.03,213.44,214.22,312356,182.0,SPY
2016-09-22,217.18,217.53,216.71,216.99,188651,183.0,SPY
2016-09-23,215.99,216.88,215.88,216.73,158909,184.0,SPY
2016-09-26,214.24,215.23,214.01,215.02,205363,185.0,SPY
2016-09-27,215.57,215.68,213.63,214.03,167881,186.0,SPY
2016-09-28,216.64,216.82,214.71,215.81,211429,187.0,SPY
2016-09-29,214.68,216.87,214.05,216.39,328231,188.0,SPY
2016-09-30,216.3,217.12,215.37,215.67,254279,189.0,SPY
2016-10-03,215.78,216.04,215.04,215.81,168479,190.0,SPY
2016-10-04,214.68,216.17,213.99,215.86,276180,191.0,SPY
2016-10-05,215.63,216.13,215.34,215.37,174781,192.0,SPY
2016-10-06,215.78,216.04,214.74,215.39,164694,193.0,SPY
2016-10-07,215.04,216.3,214.2,216.06,221904,194.0,SPY
2016-10-10,216.16,216.69,215.99,216.14,109197,195.0,SPY
2016-10-11,213.43,215.74,212.58,215.64,287182,196.0,SPY
2016-10-12,213.71,214.32,213.01,213.61,171863,197.0,SPY
2016-10-13,213.01,213.59,211.21,212.15,218378,198.0,SPY
2016-10-14,213.12,214.69,213.03,214.14,212811,199.0,SPY
2016-10-17,212.38,213.38,212.17,213.07,137844,200.0,SPY
2016-10-18,213.71,214.29,213.28,214.24,145684,201.0,SPY
2016-10-19,214.28,214.64,213.6,214.0,144014,202.0,SPY
2016-10-20,213.88,214.53,213.12,213.85,165190,203.0,SPY
2016-10-21,213.98,214.07,212.77,212.95,151588,204.0,SPY
2016-10-24,214.89,215.31,214.48,214.98,129323,205.0,SPY
2016-10-25,214.17,214.98,213.98,214.7,134888,206.0,SPY
2016-10-26,213.74,214.41,212.94,213.22,178039,207.0,SPY
2016-10-27,213.17,214.62,213.09,214.57,169637,208.0,SPY
2016-10-28,212.54,213.93,211.71,213.13,348823,209.0,SPY
2016-10-31,212.55,213.19,212.37,212.95,132236,210.0,SPY
2016-11-01,211.01,212.99,209.6,212.9,258597,211.0,SPY
2016-11-02,209.74,211.1,209.24,210.67,234247,212.0,SPY
2016-11-03,208.78,210.24,208.46,210.01,193111,213.0,SPY
2016-11-04,208.55,209.88,208.39,208.91,218123,214.0,SPY
2016-11-07,213.15,213.19,211.3,211.47,229258,215.0,SPY
2016-11-08,214.11,214.77,212.38,212.72,245770,216.0,SPY
2016-11-09,216.38,217.09,212.34,212.47,564790,217.0,SPY
2016-11-10,216.92,218.31,215.23,217.32,443986,218.0,SPY
2016-11-11,216.42,216.69,215.33,216.13,203864,219.0,SPY
2016-11-14,216.59,217.27,215.73,216.99,219667,220.0,SPY
2016-11-15,218.28,218.28,216.81,217.04,168124,221.0,SPY
2016-11-16,217.87,218.14,217.42,217.52,134890,222.0,SPY
2016-11-17,218.99,219.06,217.93,218.04,142464,223.0,SPY
2016-11-18,218.5,219.26,218.29,219.04,144751,224.0,SPY
2016-11-21,220.15,220.18,219.01,219.19,139953,225.0,SPY
2016-11-22,220.58,220.79,219.73,220.49,148925,226.0,SPY
2016-11-23,220.7,220.76,219.75,220.0,121714,227.0,SPY
2016-11-25,221.52,221.54,221.01,221.12,70680,228.0,SPY
2016-11-28,220.48,221.48,220.36,221.19,146690,229.0,SPY
2016-11-29,220.91,221.43,220.17,220.58,130679,230.0,SPY
2016-11-30,220.38,221.82,220.31,221.65,201216,231.0,SPY
2016-12-01,219.57,220.73,219.15,220.73,169308,232.0,SPY
2016-12-02,219.68,220.25,219.26,219.7,154432,233.0,SPY
2016-12-05,221.0,221.4,220.42,220.67,142724,234.0,SPY
2016-12-06,221.7,221.74,220.67,221.24,124132,235.0,SPY
2016-12-07,224.6,224.67,221.39,221.5,226578,236.0,SPY
2016-12-08,225.15,225.7,224.26,224.57,201832,237.0,SPY
2016-12-09,226.51,226.5,225.37,225.44,181804,238.0,SPY
2016-12-12,226.25,226.95,225.76,226.42,194294,239.0,SPY
2016-12-13,227.76,228.34,227.0,227.01,225085,240.0,SPY
2016-12-14,225.88,228.23,225.36,227.41,282023,241.0,SPY
2016-12-15,226.81,227.81,226.01,226.13,232379,242.0,SPY
2016-12-16,225.04,226.08,224.67,225.99,226310,243.0,SPY
2016-12-19,225.53,225.97,225.08,225.24,115699,244.0,SPY
2016-12-20,226.4,226.57,225.88,226.16,98427,245.0,SPY
2016-12-21,225.77,226.45,225.77,226.27,92365,246.0,SPY
2016-12-22,225.38,225.73,224.93,225.61,102679,247.0,SPY
2016-12-23,225.71,225.72,225.22,225.42,70586,248.0,SPY
2016-12-27,226.27,226.73,226.0,226.0,74543,249.0,SPY
2016-12-28,224.4,226.59,224.28,226.59,126341,250.0,SPY
2016-12-29,224.35,224.89,223.84,224.48,90393,251.0,SPY
2016-12-30,223.53,224.83,222.73,224.71,195417,252.0,SPY
2017-01-03,225.24,225.83,223.89,225.07,182534,1.0,SPY
2017-01-04,226.58,226.75,225.61,225.64,149948,2.0,SPY
2017-01-05,226.4,226.58,225.49,226.28,116916,3.0,SPY
2017-01-06,227.21,227.75,225.9,226.53,156189,4.0,SPY
2017-01-09,226.46,227.07,226.42,226.9,94254,5.0,SPY
2017-01-10,226.46,227.44,226.01,226.48,124686,6.0,SPY
2017-01-11,227.1,227.07,225.59,226.37,194847,7.0,SPY
2017-01-12,226.53,226.75,224.96,226.5,181313,8.0,SPY
2017-01-13,227.05,227.4,226.69,226.75,133191,9.0,SPY
2017-01-17,226.25,226.78,225.8,226.3,133368,10.0,SPY
2017-01-18,226.75,226.8,225.91,226.52,136812,11.0,SPY
2017-01-19,225.91,227.0,225.41,226.83,154008,12.0,SPY
2017-01-20,226.74,227.31,226.06,226.73,204677,13.0,SPY
2017-01-23,226.15,226.8,225.27,226.37,150762,14.0,SPY
2017-01-24,227.6,228.08,226.28,226.4,155723,15.0,SPY
2017-01-25,229.57,229.57,228.51,228.7,161244,16.0,SPY
2017-01-26,229.33,229.71,229.01,229.4,109067,17.0,SPY
2017-01-27,228.97,229.58,228.76,229.44,113715,18.0,SPY
2017-01-30,227.55,228.2,226.41,228.18,184003,19.0,SPY
2017-01-31,227.53,227.6,226.32,226.98,170651,20.0,SPY
2017-02-01,227.62,228.58,226.95,228.25,180109,21.0,SPY
2017-02-02,227.77,228.09,226.82,227.24,166122,22.0,SPY
2017-02-03,229.34,229.54,228.47,228.81,163701,23.0,SPY
2017-02-06,228.93,229.32,228.54,228.89,113245,24.0,SPY
2017-02-07,228.94,229.65,228.72,229.36,119745,25.0,SPY
2017-02-08,229.24,229.39,228.31,228.59,110296,26.0,SPY
2017-02-09,230.6,230.95,229.52,229.57,135953,27.0,SPY
2017-02-10,231.51,231.77,230.89,231.0,143885,28.0,SPY
2017-02-13,232.77,233.07,232.05,232.09,125691,29.0,SPY
2017-02-14,233.7,233.71,232.17,232.55,163146,30.0,SPY
2017-02-15,234.92,235.13,233.39,233.43,180494,31.0,SPY
2017-02-16,234.72,235.15,233.86,234.93,199549,32.0,SPY
2017-02-17,235.09,235.06,233.94,233.97,167798,33.0,SPY
2017-02-21,236.49,236.68,235.51,235.51,164266,34.0,SPY
2017-02-22,236.28,236.54,235.84,236.02,131027,35.0,SPY
2017-02-23,236.44,236.9,235.57,236.88,189667,36.0,SPY
2017-02-24,236.74,236.79,235.41,235.42,193835,37.0,SPY
2017-02-27,237.11,237.31,236.35,236.61,129219,38.0,SPY
2017-02-28,236.47,236.95,236.02,236.71,179281,39.0,SPY
2017-03-01,239.78,240.32,238.37,238.38,261899,40.0,SPY
2017-03-02,238.27,239.57,238.21,239.57,168448,41.0,SPY
2017-03-03,238.42,238.61,237.74,238.19,145284,42.0,SPY
2017-03-06,237.71,238.12,237.02,237.48,119228,43.0,SPY
2017-03-07,237.0,237.77,236.76,237.39,111316,44.0,SPY
2017-03-08,236.56,237.63,236.41,237.34,147380,45.0,SPY
2017-03-09,236.86,237.24,235.75,236.68,165993,46.0,SPY
2017-03-10,237.69,238.02,236.59,237.97,157727,47.0,SPY
2017-03-13,237.81,237.85,237.24,237.59,120658,48.0,SPY
2017-03-14,236.9,237.24,236.19,237.2,137905,49.0,SPY
2017-03-15,238.95,239.43,237.29,237.56,185702,50.0,SPY
2017-03-16,238.48,239.2,238.1,239.11,148095,51.0,SPY
2017-03-17,237.03,237.97,237.07,237.75,159522,52.0,SPY
2017-03-20,236.77,237.36,236.33,237.03,111892,53.0,SPY
2017-03-21,233.73,237.6,233.58,237.49,256264,54.0,SPY
2017-03-22,234.28,234.61,233.05,233.77,183660,55.0,SPY
2017-03-23,234.03,235.34,233.6,233.99,201175,56.0,SPY
2017-03-24,233.86,235.04,232.96,234.35,224359,57.0,SPY
2017-03-27,233.62,233.92,231.61,231.97,187798,58.0,SPY
2017-03-28,235.32,235.8,233.15,233.27,193682,59.0,SPY
2017-03-29,235.54,235.81,234.72,235.0,107592,60.0,SPY
2017-03-30,236.29,236.52,235.28,235.49,120283,61.0,SPY
2017-03-31,235.74,236.51,235.68,235.91,139107,62.0,SPY
2017-04-03,235.33,236.03,233.92,235.79,179925,63.0,SPY
2017-04-04,235.48,235.58,234.56,235.0,128507,64.0,SPY
2017-04-05,234.78,237.39,234.55,236.26,255284,65.0,SPY
2017-04-06,235.44,236.04,234.43,234.95,150038,66.0,SPY
2017-04-07,235.2,235.99,234.64,235.18,156170,67.0,SPY
2017-04-10,235.34,236.25,234.74,235.36,136960,68.0,SPY
2017-04-11,235.06,235.18,233.34,234.9,185019,69.0,SPY
2017-04-12,234.03,234.95,233.77,234.74,149062,70.0,SPY
2017-04-13,232.51,234.49,232.55,233.65,176378,71.0,SPY
2017-04-17,234.57,234.57,232.88,233.12,142836,72.0,SPY
2017-04-18,233.87,234.48,233.08,233.71,149547,73.0,SPY
2017-04-19,233.44,234.95,233.18,234.52,152758,74.0,SPY
2017-04-20,235.34,235.85,233.78,234.15,192923,75.0,SPY
2017-04-21,234.59,235.3,234.13,235.22,167592,76.0,SPY
2017-04-24,237.17,237.41,236.61,237.17,195349,77.0,SPY
2017-04-25,238.55,238.95,237.81,237.93,163128,78.0,SPY
2017-04-26,238.4,239.53,238.35,238.53,182205,79.0,SPY
2017-04-27,238.6,238.94,237.98,238.74,113001,80.0,SPY
2017-04-28,238.08,238.93,237.93,238.93,133566,81.0,SPY
2017-05-01,238.68,239.17,238.2,238.69,102385,82.0,SPY
2017-05-02,238.77,238.98,238.3,238.82,120058,83.0,SPY
2017-05-03,238.48,238.73,237.71,238.29,135141,84.0,SPY
2017-05-04,238.76,238.92,237.78,238.83,134460,85.0,SPY
2017-05-05,239.7,239.72,238.69,239.16,126633,86.0,SPY
2017-05-08,239.66,239.92,239.17,239.77,94952,87.0,SPY
2017-05-09,239.44,240.18,239.05,239.96,123415,88.0,SPY
2017-05-10,239.87,239.87,239.15,239.38,100102,89.0,SPY
2017-05-11,239.38,239.57,238.14,239.31,128911,90.0,SPY
2017-05-12,238.98,239.21,238.68,239.09,113694,91.0,SPY
2017-05-15,240.3,240.44,239.45,239.47,120604,92.0,SPY
2017-05-16,240.08,240.67,239.63,240.62,106801,93.0,SPY
2017-05-17,235.82,238.63,235.75,238.1,312399,94.0,SPY
2017-05-18,236.77,237.74,235.43,235.7,221733,95.0,SPY
2017-05-19,238.31,239.08,237.27,237.36,211443,96.0,SPY
2017-05-22,239.52,239.71,238.82,238.9,114017,97.0,SPY
2017-05-23,240.05,240.23,239.52,239.98,108755,98.0,SPY
2017-05-24,240.61,240.73,239.93,240.33,108302,99.0,SPY
2017-05-25,241.76,242.08,240.97,241.22,132600,100.0,SPY
2017-05-26,241.71,241.9,241.45,241.55,89485,101.0,SPY
2017-05-30,241.5,241.79,241.16,241.32,88952,102.0,SPY
2017-05-31,241.44,241.88,240.64,241.84,179269,103.0,SPY
2017-06-01,243.36,243.33,241.64,241.97,133752,104.0,SPY
2017-06-02,244.17,244.34,243.08,243.45,137324,105.0,SPY
2017-06-05,243.99,244.3,243.76,243.98,74207,106.0,SPY
2017-06-06,243.21,243.98,243.13,243.34,95869,107.0,SPY
2017-06-07,243.66,243.91,242.84,243.6,101972,108.0,SPY
2017-06-08,243.78,244.33,243.18,243.8,117819,109.0,SPY
2017-06-09,243.41,245.01,241.95,244.07,299154,110.0,SPY
2017-06-12,243.36,243.42,242.38,243.13,153336,111.0,SPY
2017-06-13,244.55,244.6,243.58,243.98,127070,112.0,SPY
2017-06-14,244.24,244.87,243.29,244.86,154289,113.0,SPY
2017-06-15,243.77,243.91,242.37,242.68,136385,114.0,SPY
2017-06-16,242.64,242.83,241.64,242.77,135614,115.0,SPY
2017-06-19,244.66,244.73,243.48,243.61,121990,116.0,SPY
2017-06-20,243.01,244.26,242.99,244.24,112646,117.0,SPY
2017-06-21,242.95,243.59,242.41,243.43,118988,118.0,SPY
2017-06-22,242.84,243.52,242.64,242.97,92901,119.0,SPY
2017-06-23,243.13,243.51,242.47,242.88,137372,120.0,SPY
2017-06-26,243.29,244.38,243.05,243.89,120742,121.0,SPY
2017-06-27,241.33,243.38,241.31,243.04,152385,122.0,SPY
2017-06-28,243.49,243.71,242.24,242.51,120499,123.0,SPY
2017-06-29,241.35,243.72,239.96,243.66,212055,124.0,SPY
2017-06-30,241.8,242.71,241.58,242.28,141752,125.0,SPY
2017-07-03,242.21,243.37,242.29,242.9,79650,126.0,SPY
2017-07-05,242.77,243.01,241.71,242.62,104904,127.0,SPY
2017-07-06,240.55,242.03,240.34,241.88,137558,128.0,SPY
2017-07-07,242.11,242.28,241.02,241.21,96266,129.0,SPY
2017-07-10,242.37,242.8,241.76,241.95,77018,130.0,SPY
2017-07-11,242.19,242.54,240.85,242.15,110930,131.0,SPY
2017-07-12,244.01,244.2,243.31,243.31,103458,132.0,SPY
2017-07-13,244.42,244.55,243.77,244.02,81386,133.0,SPY
2017-07-14,245.56,245.97,244.31,244.42,113973,134.0,SPY
2017-07-17,245.53,245.9,245.33,245.47,59748,135.0,SPY
2017-07-18,245.66,245.72,244.67,245.06,95712,136.0,SPY
2017-07-19,246.99,247.0,246.01,246.02,94335,137.0,SPY
2017-07-20,247.1,247.42,246.47,247.25,95671,138.0,SPY
2017-07-21,246.88,246.9,246.18,246.45,113608,139.0,SPY
2017-07-24,246.82,246.98,246.29,246.81,81005,140.0,SPY
2017-07-25,247.42,247.79,247.16,247.7,93554,141.0,SPY
2017-07-26,247.43,247.78,247.13,247.76,84948,142.0,SPY
2017-07-27,247.2,248.0,245.68,247.96,156869,143.0,SPY
2017-07-28,246.91,247.06,246.14,246.65,104135,144.0,SPY
2017-07-31,246.77,247.48,246.53,247.36,98548,145.0,SPY
2017-08-01,247.32,247.5,246.8,247.45,92879,146.0,SPY
2017-08-02,247.44,247.6,246.37,247.47,105469,147.0,SPY
2017-08-03,246.96,247.33,246.64,247.31,79116,148.0,SPY
2017-08-04,247.41,247.78,246.98,247.52,107904,149.0,SPY
2017-08-07,247.87,247.87,247.37,247.5,63155,150.0,SPY
2017-08-08,247.26,248.9,246.83,247.49,125049,151.0,SPY
2017-08-09,247.25,247.31,246.06,246.46,138174,152.0,SPY
2017-08-10,243.76,246.43,243.71,246.3,253148,153.0,SPY
2017-08-11,244.12,244.8,243.75,244.0,156368,154.0,SPY
